Line #,Name,Description,Designator,Revision ID,Revision State,Revision Status,Quantity,Manufacturer 1,Manufacturer Part Number 1,Manufacturer Lifecycle 1,Supplier 1,Supplier Part Number 1,Supplier Unit Price 1,Supplier Subtotal 1

"","100nF","Chip Multilayer Ceramic Capacitors for General Purpose, 0201, 0.10uF, X5R, 15%, 10%, 6.3V","C1, C2, C5, C6, C11, C12","","Unknown server","","6","Murata","GRM033R60J104KE19D","Volume Production","Mouser","81-GRM033R60J104KE19","0.006","0.06"
"","68nF","General Purpose Ceramic Capacitor, 1206, 68nF, 10%, X7R, 15%, 100V","C7, C8, C9, C10","","Unknown server","","4","Kyocera AVX","12061C683KAT2A","Volume Production","Mouser","581-12061C683K","0.23","0.92"
"","35RAPC3BH3","CONN JACK STEREO 3.5MM R/A","J1","","Unknown server","","1","Switchcraft","35RAPC3BH3","Volume Production","Digikey","SC2402-ND","3.18","3.18"
"","691709710303","Battery connector","J2","","Unknown server","","1","Wurth Electronics Midcom","691709710303","Volume Production","Digikey","1297-1109-1-ND","3.48","3.48"
"","10K","Chip Resistor, 10 KOhm, +/- 1%, 100 mW, -55 to 155 degC, 0603 (1608 Metric), RoHS, Tape and Reel","R1, R3, R4, R5, R6, R14, R15","","Unknown server","","7","Vishay","CRCW060310K0FKEA","Volume Production","Newark","61M5335","0.01","0.07"
"","220","","R2","","Unknown server","","1","Panasonic","ERJ-6ENF2200V","Volume Production","Newark","64R5389","0.007","0.007"
"","2.2K","Thick Film Resistor, 2.2 KOhm, 100 mW, 50 V, +/- 1%, -55 to 155 degC, 2-Pin SMD (0603), RoHS, Tape and Reel","R7","","Unknown server","","1","Yageo","RC0603FR-072K2L","Volume Production","Digikey","311-2.20KHRCT-ND","0.1","0.1"
"","4.7K","Chip Resistor, 4.7 KOhm, +/- 1%, 0.1 W, -55 to 155 degC, 0402 (1005 Metric), RoHS, Tape and Reel","R8, R9, R16, R17","","Unknown server","","4","Panasonic","ERJ-2RKF4701X","Volume Production","Newark","85Y8344","0.004","0.016"
"","47K","RES SMD 47K OHM 1% 1/10W 0603","R10, R12","","Unknown server","","2","Vishay","CRCW060347K0FKEA","Volume Production","Mouser","71-CRCW0603-47K-E3","0.015","0.15"
"","22k","RES Thick Film, 22kO, 1%, 0.1W, 100ppm/�C, 0603","R11","","Unknown server","","1","Vishay","CRCW060322K0FKEA","Volume Production","Newark","52K8286","0.005","0.005"
"","4.7K","RES Thick Film, 4.7kO, 1%, 0.1W, 100ppm/�C, 0603","R13","","Unknown server","","1","Vishay","CRCW06034K70FKEA","Volume Production","Mouser","71-CRCW0603-4.7K-E3","0.1","0.1"
"","TL072CP","Dual Low-Noise JFET-Input General-Purpose Operational Amplifier, 7 to 36 V, 0 to 70 degC, 8-pin DIP (P8), Pb-Free (RoHS)","U1, U2, U3","","Unknown server","","3","Texas Instruments","TL072CP","Volume Production","Arrow Electronics","TL072CP","0.8352","2.51"
